[
  {
    "id": "dc896861-56b2-4e45-b9e9-41b3e027c28a",
    "data": [
      {
        "text": "service animal",
        "userDefined": false
      }
    ],
    "isTemplate": false,
    "count": 0,
    "lang": "en",
    "updated": 0
  },
  {
    "id": "60e1fbf9-e16e-4263-ab69-7e725a9f2142",
    "data": [
      {
        "text": "i need a dog",
        "userDefined": false
      }
    ],
    "isTemplate": false,
    "count": 0,
    "lang": "en",
    "updated": 0
  },
  {
    "id": "c6a8527d-3d98-4ef1-a2c0-fd598807d2c8",
    "data": [
      {
        "text": "i need a cat",
        "userDefined": false
      }
    ],
    "isTemplate": false,
    "count": 0,
    "lang": "en",
    "updated": 0
  },
  {
    "id": "a030a340-d018-44f8-82cd-3b052662957a",
    "data": [
      {
        "text": "My landlord won’t let me keep my pet.",
        "userDefined": false
      }
    ],
    "isTemplate": false,
    "count": 1,
    "lang": "en",
    "updated": 0
  },
  {
    "id": "be447b35-c879-4664-8b73-80832281061e",
    "data": [
      {
        "text": "I need a support animal.",
        "userDefined": false
      }
    ],
    "isTemplate": false,
    "count": 0,
    "lang": "en",
    "updated": 0
  },
  {
    "id": "9bbf6f31-5d4b-4523-896e-ee79fef0b791",
    "data": [
      {
        "text": "I need a service animal.",
        "userDefined": false
      }
    ],
    "isTemplate": false,
    "count": 0,
    "lang": "en",
    "updated": 0
  },
  {
    "id": "77803efd-face-490f-901b-4fc7bd0292a8",
    "data": [
      {
        "text": "I need an emotional support animal.",
        "userDefined": false
      }
    ],
    "isTemplate": false,
    "count": 0,
    "lang": "en",
    "updated": 0
  },
  {
    "id": "dcb53154-2b1f-43f7-a6d7-b683a9fe2e54",
    "data": [
      {
        "text": "I need an emotional support dog.",
        "userDefined": false
      }
    ],
    "isTemplate": false,
    "count": 2,
    "lang": "en",
    "updated": 0
  },
  {
    "id": "577774f9-b2fd-4030-bd23-3beb44a5badb",
    "data": [
      {
        "text": "I need an emotional support dog. ",
        "userDefined": false
      }
    ],
    "isTemplate": false,
    "count": 2,
    "lang": "en",
    "updated": 0
  },
  {
    "id": "e88b10b6-e91d-408f-a256-a15356e6d80e",
    "data": [
      {
        "text": "my landlord is charging me for my assistance animal",
        "userDefined": false
      }
    ],
    "isTemplate": false,
    "count": 2,
    "lang": "en",
    "updated": 0
  },
  {
    "id": "5a249a41-4324-432b-9487-dddf80e14ea4",
    "data": [
      {
        "text": "my landlord is charging me for my service pet",
        "userDefined": false
      }
    ],
    "isTemplate": false,
    "count": 0,
    "lang": "en",
    "updated": 0
  },
  {
    "id": "df2f9c80-6e52-42db-b577-86feefbbdf9b",
    "data": [
      {
        "text": "my landlord is charging me for my support pet",
        "userDefined": false
      }
    ],
    "isTemplate": false,
    "count": 0,
    "lang": "en",
    "updated": 0
  },
  {
    "id": "1146e0ea-4ee3-40a5-8a70-75a94956fd71",
    "data": [
      {
        "text": "my landlord is charging me for my assistance pet",
        "userDefined": false
      }
    ],
    "isTemplate": false,
    "count": 0,
    "lang": "en",
    "updated": 0
  },
  {
    "id": "946c346f-2037-42ea-8cd9-d65c7e5f7ac9",
    "data": [
      {
        "text": "my landlord is charging me for my pet",
        "userDefined": false
      }
    ],
    "isTemplate": false,
    "count": 0,
    "lang": "en",
    "updated": 0
  },
  {
    "id": "ff3c585b-a7bb-4b26-9915-5675a7ba8640",
    "data": [
      {
        "text": "the landlord keeps charging me for my pet",
        "userDefined": false
      }
    ],
    "isTemplate": false,
    "count": 0,
    "lang": "en",
    "updated": 0
  },
  {
    "id": "dc205d47-81d8-47a3-b59f-03dd8ac701df",
    "data": [
      {
        "text": "I need an emotional support cat.",
        "userDefined": false
      }
    ],
    "isTemplate": false,
    "count": 0,
    "lang": "en",
    "updated": 0
  },
  {
    "id": "398d9ae1-3ea3-494c-a39c-990141fdbf07",
    "data": [
      {
        "text": "the landlord won\u0027t let me have my service dog",
        "userDefined": false
      }
    ],
    "isTemplate": false,
    "count": 0,
    "lang": "en",
    "updated": 0
  },
  {
    "id": "28359ec7-7e16-43b4-89da-4aa733dc0dca",
    "data": [
      {
        "text": "my landlord won\u0027t let me have my service dog",
        "userDefined": false
      }
    ],
    "isTemplate": false,
    "count": 1,
    "lang": "en",
    "updated": 0
  },
  {
    "id": "85370699-f195-4ba1-81b4-cb4a79f491b0",
    "data": [
      {
        "text": "my landlord won\u0027t let me have my emotional support animal",
        "userDefined": false
      }
    ],
    "isTemplate": false,
    "count": 0,
    "lang": "en",
    "updated": 0
  },
  {
    "id": "e12eeac3-4610-49cc-9525-b2df795729f0",
    "data": [
      {
        "text": "my landlord won\u0027t let me have my service animal",
        "userDefined": false
      }
    ],
    "isTemplate": false,
    "count": 0,
    "lang": "en",
    "updated": 0
  },
  {
    "id": "04955833-20ee-4b70-8d74-4810c2e2b748",
    "data": [
      {
        "text": "chicken",
        "userDefined": false
      }
    ],
    "isTemplate": false,
    "count": 0,
    "lang": "en",
    "updated": 0
  },
  {
    "id": "3a31e94d-f065-4d2c-99b2-ebec4fe7922f",
    "data": [
      {
        "text": "duck",
        "userDefined": false
      }
    ],
    "isTemplate": false,
    "count": 0,
    "lang": "en",
    "updated": 0
  },
  {
    "id": "6aceb3d2-8591-478f-9c80-9a6e17dd7e3d",
    "data": [
      {
        "text": "turtle",
        "userDefined": false
      }
    ],
    "isTemplate": false,
    "count": 0,
    "lang": "en",
    "updated": 0
  },
  {
    "id": "75a64218-b0dd-4d51-bb55-67dadc3af9c2",
    "data": [
      {
        "text": "Guinea",
        "meta": "@sys.ignore",
        "userDefined": false
      },
      {
        "text": " Pig",
        "userDefined": false
      }
    ],
    "isTemplate": false,
    "count": 0,
    "lang": "en",
    "updated": 0
  },
  {
    "id": "d080a752-a72b-4ce8-b4e0-3f249423d724",
    "data": [
      {
        "text": "rabbit",
        "userDefined": false
      }
    ],
    "isTemplate": false,
    "count": 0,
    "lang": "en",
    "updated": 0
  },
  {
    "id": "6b0fcab1-dcd5-4232-bc4b-8ba6ef73087f",
    "data": [
      {
        "text": "rat",
        "userDefined": false
      }
    ],
    "isTemplate": false,
    "count": 0,
    "lang": "en",
    "updated": 0
  },
  {
    "id": "5b875791-07f7-40c4-a088-e771e6b49bf4",
    "data": [
      {
        "text": "ferret",
        "userDefined": false
      }
    ],
    "isTemplate": false,
    "count": 0,
    "lang": "en",
    "updated": 0
  },
  {
    "id": "60725754-c42d-4ca6-a00a-53bb31ff7f0c",
    "data": [
      {
        "text": "hamster",
        "userDefined": false
      }
    ],
    "isTemplate": false,
    "count": 0,
    "lang": "en",
    "updated": 0
  },
  {
    "id": "5855c519-c80c-47fa-8fa0-613ec0cbeca9",
    "data": [
      {
        "text": "spider",
        "userDefined": false
      }
    ],
    "isTemplate": false,
    "count": 0,
    "lang": "en",
    "updated": 0
  },
  {
    "id": "b1006d68-e9f2-47c1-9cf7-226a00b41681",
    "data": [
      {
        "text": "goldfish",
        "userDefined": false
      }
    ],
    "isTemplate": false,
    "count": 0,
    "lang": "en",
    "updated": 0
  },
  {
    "id": "87710f26-d24b-4128-8626-4381cd6500a5",
    "data": [
      {
        "text": "fish",
        "userDefined": false
      }
    ],
    "isTemplate": false,
    "count": 0,
    "lang": "en",
    "updated": 0
  },
  {
    "id": "ace05859-0a0a-4e1e-ace6-cdfcd290f55c",
    "data": [
      {
        "text": "sugar glider",
        "userDefined": false
      }
    ],
    "isTemplate": false,
    "count": 0,
    "lang": "en",
    "updated": 0
  },
  {
    "id": "42860e45-e91b-47d7-b4b3-81ce6ee5dccc",
    "data": [
      {
        "text": "bird",
        "userDefined": false
      }
    ],
    "isTemplate": false,
    "count": 0,
    "lang": "en",
    "updated": 0
  },
  {
    "id": "d48342e9-9ca0-488e-b0e2-143a7a3cf3b0",
    "data": [
      {
        "text": "parakeet",
        "userDefined": false
      }
    ],
    "isTemplate": false,
    "count": 0,
    "lang": "en",
    "updated": 0
  },
  {
    "id": "895cde30-5c0e-4049-ab06-29f333d563cf",
    "data": [
      {
        "text": "parrot",
        "userDefined": false
      }
    ],
    "isTemplate": false,
    "count": 0,
    "lang": "en",
    "updated": 0
  },
  {
    "id": "ad953bd2-d71e-4983-a14b-68b71a5a4868",
    "data": [
      {
        "text": "snake",
        "userDefined": false
      }
    ],
    "isTemplate": false,
    "count": 0,
    "lang": "en",
    "updated": 0
  },
  {
    "id": "4de10cec-8fa3-4f0a-b550-e058ea55c19e",
    "data": [
      {
        "text": "marmoset",
        "userDefined": false
      }
    ],
    "isTemplate": false,
    "count": 0,
    "lang": "en",
    "updated": 0
  },
  {
    "id": "ad556c83-2441-4d73-ab2a-cf7eb011d915",
    "data": [
      {
        "text": "monkey",
        "userDefined": false
      }
    ],
    "isTemplate": false,
    "count": 0,
    "lang": "en",
    "updated": 0
  },
  {
    "id": "7be8bb29-8c9b-4349-bf5d-29300edd7525",
    "data": [
      {
        "text": "pig",
        "userDefined": false
      }
    ],
    "isTemplate": false,
    "count": 0,
    "lang": "en",
    "updated": 0
  },
  {
    "id": "b06e18af-1d50-4939-bb8a-bde54f67ca48",
    "data": [
      {
        "text": "lizard",
        "userDefined": false
      }
    ],
    "isTemplate": false,
    "count": 0,
    "lang": "en",
    "updated": 0
  },
  {
    "id": "82514bf5-d59c-4067-b517-f7e6368622f6",
    "data": [
      {
        "text": "ESA",
        "meta": "@sys.ignore",
        "userDefined": false
      }
    ],
    "isTemplate": false,
    "count": 0,
    "lang": "en",
    "updated": 0
  },
  {
    "id": "03c53364-9c5c-43a2-ba94-a1e5bc1bb2ec",
    "data": [
      {
        "text": "pet",
        "userDefined": false
      }
    ],
    "isTemplate": false,
    "count": 0,
    "lang": "en",
    "updated": 0
  },
  {
    "id": "f4dc8dbe-cfdf-4623-896d-e54b46a46f47",
    "data": [
      {
        "text": "animal",
        "userDefined": false
      }
    ],
    "isTemplate": false,
    "count": 0,
    "lang": "en",
    "updated": 0
  },
  {
    "id": "32e502a9-1bcc-472b-8430-78a2edad21af",
    "data": [
      {
        "text": "cat",
        "userDefined": false
      }
    ],
    "isTemplate": false,
    "count": 0,
    "lang": "en",
    "updated": 0
  },
  {
    "id": "75f12d53-89b8-4a78-b827-e5532335aad0",
    "data": [
      {
        "text": "dog",
        "userDefined": false
      }
    ],
    "isTemplate": false,
    "count": 0,
    "lang": "en",
    "updated": 0
  }
]