[
  {
    "id": "73a3091d-5dc2-426d-8079-7d4f54105d9d",
    "data": [
      {
        "text": "there is no handicapped spot for me",
        "userDefined": false
      }
    ],
    "isTemplate": false,
    "count": 0,
    "lang": "en",
    "updated": 0
  },
  {
    "id": "1284998b-1875-4670-98a9-b09c80da5195",
    "data": [
      {
        "text": "handicap spot",
        "userDefined": false
      }
    ],
    "isTemplate": false,
    "count": 0,
    "lang": "en",
    "updated": 0
  },
  {
    "id": "a7d6742e-f986-47c4-8509-2a08b306b674",
    "data": [
      {
        "text": "parking",
        "userDefined": false
      }
    ],
    "isTemplate": false,
    "count": 0,
    "lang": "en",
    "updated": 0
  },
  {
    "id": "2a0d1fa1-bbb1-4ceb-bc05-6eb91c6a6c6f",
    "data": [
      {
        "text": "park",
        "userDefined": false
      }
    ],
    "isTemplate": false,
    "count": 0,
    "lang": "en",
    "updated": 0
  }
]