[
  {
    "id": "ad32b872-ef77-4fd8-ac67-39e06922e8c8",
    "data": [
      {
        "text": "i don\u0027t have enough time to move",
        "userDefined": false
      }
    ],
    "isTemplate": false,
    "count": 1,
    "lang": "en",
    "updated": 0
  },
  {
    "id": "848b9161-6e48-4033-a676-78613a1fc281",
    "data": [
      {
        "text": "i can\u0027t move out in time",
        "userDefined": false
      }
    ],
    "isTemplate": false,
    "count": 1,
    "lang": "en",
    "updated": 0
  },
  {
    "id": "760eb7c9-d814-41bc-ba1c-4b407482608d",
    "data": [
      {
        "text": "i don\u0027t have enough time to move out",
        "userDefined": false
      }
    ],
    "isTemplate": false,
    "count": 0,
    "lang": "en",
    "updated": 0
  },
  {
    "id": "b7a46d1f-4d8e-4efb-886b-77ab01f6e8d7",
    "data": [
      {
        "text": "can\u0027t find a place to move to",
        "userDefined": false
      }
    ],
    "isTemplate": false,
    "count": 0,
    "lang": "en",
    "updated": 0
  },
  {
    "id": "3ee1e8b5-58c4-48fb-9b34-96468e8ad516",
    "data": [
      {
        "text": "deadline",
        "userDefined": false
      }
    ],
    "isTemplate": false,
    "count": 0,
    "lang": "en",
    "updated": 0
  },
  {
    "id": "6bb21be1-e5fa-421c-99e3-0d136ed25d29",
    "data": [
      {
        "text": "time",
        "userDefined": false
      }
    ],
    "isTemplate": false,
    "count": 0,
    "lang": "en",
    "updated": 0
  }
]