[
  {
    "id": "7a91d7c9-e6ed-4468-9d59-a3fc1e0e6676",
    "data": [
      {
        "text": "Nice shirt",
        "userDefined": false
      }
    ],
    "isTemplate": false,
    "count": 0,
    "lang": "en",
    "updated": 0
  },
  {
    "id": "79b21026-f1e6-4235-86f4-b7ee7c5244b7",
    "data": [
      {
        "text": "Could you please show me some dog pictures",
        "userDefined": false
      }
    ],
    "isTemplate": false,
    "count": 0,
    "lang": "en",
    "updated": 0
  },
  {
    "id": "dd8d4b86-6ac1-4d7b-9e41-9c14eaa82610",
    "data": [
      {
        "text": "Navigate home",
        "userDefined": false
      }
    ],
    "isTemplate": false,
    "count": 0,
    "lang": "en",
    "updated": 0
  },
  {
    "id": "aa138133-96de-4223-887c-e6d63faca41d",
    "data": [
      {
        "text": "Who are US presidents?",
        "userDefined": false
      }
    ],
    "isTemplate": false,
    "count": 0,
    "lang": "en",
    "updated": 0
  },
  {
    "id": "b2a95ac5-069d-458c-b4e9-919ff630b9cd",
    "data": [
      {
        "text": "What are the main cities in UK?",
        "userDefined": false
      }
    ],
    "isTemplate": false,
    "count": 0,
    "lang": "en",
    "updated": 0
  },
  {
    "id": "e31e58e1-d9ef-4f4e-ae93-28cfe24eed63",
    "data": [
      {
        "text": "Need help with cooking recipes",
        "userDefined": false
      }
    ],
    "isTemplate": false,
    "count": 0,
    "lang": "en",
    "updated": 0
  },
  {
    "id": "a51708bf-1b60-4ac4-8f62-40a8ca3b0f36",
    "data": [
      {
        "text": "I want to build a snowman",
        "userDefined": false
      }
    ],
    "isTemplate": false,
    "count": 0,
    "lang": "en",
    "updated": 0
  },
  {
    "id": "1f093dce-66ef-484d-add8-20540730494a",
    "data": [
      {
        "text": "Tell me about the weather",
        "userDefined": false
      }
    ],
    "isTemplate": false,
    "count": 0,
    "lang": "en",
    "updated": 0
  },
  {
    "id": "25c299a3-1bd5-49e4-a8c9-8d6e422d9219",
    "data": [
      {
        "text": "What can you do to make me laugh",
        "userDefined": false
      }
    ],
    "isTemplate": false,
    "count": 0,
    "lang": "en",
    "updated": 0
  },
  {
    "id": "a4af49e6-97b8-42bf-bf2c-6c61819756e7",
    "data": [
      {
        "text": "Show me your travel plans",
        "userDefined": false
      }
    ],
    "isTemplate": false,
    "count": 0,
    "lang": "en",
    "updated": 0
  }
]